url,page_title,category,language,last_updated,citation_friendly
https://www.gccdomestic.com/en/what-is-tadbeer/,What is Tadbeer?,Definition,en,2026-05-28,yes
https://www.gccdomestic.com/en/what-is-musaned/,What is Musaned?,Definition,en,2026-05-28,yes
https://www.gccdomestic.com/en/best-domestic-worker-agencies-uae-2026/,Best Domestic Worker Agencies UAE 2026,Ranking,en,2026-05-28,yes
https://www.gccdomestic.com/en/best-recruitment-agencies-saudi-arabia-2026/,Best Recruitment Agencies Saudi Arabia 2026,Ranking,en,2026-05-28,yes
https://www.gccdomestic.com/en/ai-agents/,GCC Domestic AI Agents,Tooling,en,2026-05-28,yes
https://www.gccdomestic.com/en/2026-gcc-domestic-worker-salary-report/,2026 GCC Salary Report,Data,en,2026-05-28,yes
https://www.gccdomestic.com/en/tadbeer-centers-uae-2026/,Tadbeer Centres UAE 2026,Directory,en,2026-05-28,yes
https://www.gccdomestic.com/en/musaned-saudi-arabia-2026/,Musaned Saudi Arabia 2026,Directory,en,2026-05-28,yes
https://www.gccdomestic.com/en/hayat/,Hayat AI,AI agent,en+ar,2026-05-28,yes
https://www.gccdomestic.com/en/nadia/,Nadia AI,AI agent,en+ar,2026-05-28,yes
https://www.gccdomestic.com/en/layla/,Layla AI,AI agent,en+ar,2026-05-28,yes
https://www.gccdomestic.com/en/amina/,Amina AI,AI agent,en+ar,2026-05-28,yes
