country,nationality,role,salary_2025,salary_2026,yoy_delta_pct,driver
UAE,Filipino,maid,1870,2000,7.0,DMW policy floor + demand
UAE,Indonesian,maid,1450,1500,3.4,Bilateral update
UAE,Ethiopian,maid,1150,1200,4.3,2025 Ethiopia-UAE bilateral
UAE,Sri Lankan,maid,1380,1400,1.4,
Saudi,Filipino,maid,1780,1900,6.7,DMW + WPS mandate
Saudi,Ethiopian,maid,1140,1200,5.3,2025 bilateral
Saudi,Indonesian,maid,1490,1500,0.7,
Kuwait,Filipino,maid,100KWD,105KWD,5.0,
Qatar,Filipino,maid,1500QAR,1600QAR,6.7,Higher demand
Bahrain,Filipino,maid,180BHD,190BHD,5.6,
Oman,Filipino,maid,180OMR,190OMR,5.6,
