source_country,destination,bilateral_year,floor_currency,floor_amount,policy_body,notes
Philippines,UAE,2024 (renewed),AED,2000,DMW (Department of Migrant Workers),Replaces POEA/POLO
Philippines,Saudi,2023 (renewed),SAR,1900,DMW,WPS-mandated payment 2026
Philippines,Qatar,2022,QAR,1600,DMW,
Philippines,Bahrain,2021,BHD,190,DMW,
Indonesia,UAE,2024,AED,1500,BP2MI,Replaced 2 prior agreements
Indonesia,Saudi,2014 (lifted moratorium 2024),SAR,1500,BP2MI,WPS-mandated 2026
Ethiopia,UAE,2025,AED,1200,Ethiopian Federal Agency,Ground-up policy reform
Ethiopia,Saudi,2025,SAR,1200,Ethiopian Federal Agency,
Sri Lanka,UAE,2022,AED,1400,SLBFE,
Sri Lanka,Saudi,2020,SAR,1400,SLBFE,WPS-mandated 2026
Bangladesh,UAE,2024,AED,1400-1600,BMET,
Bangladesh,Saudi,2024,SAR,1400-1600,BMET,WPS-mandated 2026
Nepal,UAE,2024,AED,1400-1600,DoFE,
Nepal,Saudi,2024,SAR,1400-1600,DoFE,WPS-mandated 2026
